dataset,seed,model,n_train,n_val,n_test,accuracy,macro_f1,brier,ece,search_time_sec,fit_time_sec,inference_time_sec,selected_params_json
banknote-authentication,11,Logistic Regression,822,275,275,0.9963636363636363,0.9963198394111743,0.010096774778085568,0.014180970236171944,0.05787625000812113,0.00236604199744761,0.0006083330372348428,"{""C"": 20.0, ""class_weight"": null}"
banknote-authentication,11,Random Forest,822,275,275,0.9890909090909091,0.9889411670084851,0.014811373737373738,0.015921212121212176,2.579571084002964,0.1612915409496054,0.02511804096866399,"{""max_depth"": 12, ""max_features"": 0.5, ""min_samples_leaf"": 1, ""n_estimators"": 300}"
banknote-authentication,11,Extra Trees,822,275,275,1.0,1.0,0.002246626262626263,0.012193939393939496,2.548264042008668,0.24085612501949072,0.02594012499321252,"{""max_depth"": 24, ""max_features"": 0.5, ""min_samples_leaf"": 1, ""n_estimators"": 300}"
banknote-authentication,11,HistGradientBoosting,822,275,275,0.9963636363636363,0.9963198394111743,0.004611705342557959,0.0024477248277432915,9.483177250018343,0.5486565420869738,0.007338416995480657,"{""learning_rate"": 0.1, ""max_depth"": 12, ""max_leaf_nodes"": 15, ""min_samples_leaf"": 20}"
banknote-authentication,11,MLP,822,275,275,0.9890909090909091,0.9889766304565679,0.03504241906005712,0.07863701889010112,1.2251496249809861,0.056330665946006775,0.0007236669771373272,"{""alpha"": 0.0001, ""hidden_layer_sizes"": [64], ""learning_rate_init"": 0.001}"
banknote-authentication,17,Logistic Regression,822,275,275,0.9781818181818182,0.9779009964641594,0.025448722155991123,0.02460726640095136,0.06175687501672655,0.0025935840094462037,0.000807874952442944,"{""C"": 20.0, ""class_weight"": null}"
banknote-authentication,17,Random Forest,822,275,275,0.9854545454545455,0.9852909713307659,0.016768404040404045,0.027890909090909067,2.780441667069681,0.1653078329982236,0.02553870901465416,"{""max_depth"": 12, ""max_features"": ""sqrt"", ""min_samples_leaf"": 1, ""n_estimators"": 300}"
banknote-authentication,17,Extra Trees,822,275,275,1.0,1.0,0.004171959595959595,0.017575757575757543,2.128843875019811,0.12618387502152473,0.027778125018812716,"{""max_depth"": null, ""max_features"": 0.5, ""min_samples_leaf"": 1, ""n_estimators"": 300}"
banknote-authentication,17,HistGradientBoosting,822,275,275,0.9927272727272727,0.9926210153482882,0.014553345384891168,0.008058019211510958,10.2757429999765,0.9117137920111418,0.006826499942690134,"{""learning_rate"": 0.1, ""max_depth"": 12, ""max_leaf_nodes"": 31, ""min_samples_leaf"": 20}"
banknote-authentication,17,MLP,822,275,275,1.0,1.0,0.006424486482828624,0.017972131308202285,1.0031705419532955,0.1265617919852957,0.0008045410504564643,"{""alpha"": 0.001, ""hidden_layer_sizes"": [256, 128], ""learning_rate_init"": 0.001}"
banknote-authentication,23,Logistic Regression,822,275,275,0.9927272727272727,0.992645485665383,0.010716212508696057,0.00915996407940033,0.047755165956914425,0.002537333988584578,0.0005980409914627671,"{""C"": 20.0, ""class_weight"": ""balanced""}"
banknote-authentication,23,Random Forest,822,275,275,0.9854545454545455,0.9852673309761063,0.01973608080808081,0.020096969696969662,2.837836749968119,0.4292946670902893,0.02610462496522814,"{""max_depth"": 24, ""max_features"": 0.5, ""min_samples_leaf"": 1, ""n_estimators"": 300}"
banknote-authentication,23,Extra Trees,822,275,275,1.0,1.0,0.004891408320990726,0.017281315317679104,2.0181582079967484,0.11081824998836964,0.024880917044356465,"{""max_depth"": 24, ""max_features"": 0.5, ""min_samples_leaf"": 1, ""n_estimators"": 300}"
banknote-authentication,23,HistGradientBoosting,822,275,275,1.0,1.0,0.001208737857501212,0.002961447775242829,6.102235957980156,0.8459364160662517,0.0059191660257056355,"{""learning_rate"": 0.1, ""max_depth"": 12, ""max_leaf_nodes"": 31, ""min_samples_leaf"": 20}"
banknote-authentication,23,MLP,822,275,275,1.0,1.0,0.003765970388666116,0.016891398213807043,1.1264820410870016,0.12285445805173367,0.0008538749534636736,"{""alpha"": 0.001, ""hidden_layer_sizes"": [256, 128], ""learning_rate_init"": 0.001}"
banknote-authentication,31,Logistic Regression,822,275,275,0.9854545454545455,0.9852673309761063,0.02015335973711394,0.018895395350271408,0.05219225003384054,0.0026130409678444266,0.0006192079745233059,"{""C"": 20.0, ""class_weight"": ""balanced""}"
banknote-authentication,31,Random Forest,822,275,275,0.9927272727272727,0.992645485665383,0.012944811069272609,0.019996736596736668,2.571204249979928,0.16160424996633083,0.0254526250064373,"{""max_depth"": 12, ""max_features"": ""sqrt"", ""min_samples_leaf"": 1, ""n_estimators"": 300}"
banknote-authentication,31,Extra Trees,822,275,275,0.9963636363636363,0.9963198394111743,0.008122424242424242,0.017272727272727235,2.3676638749893755,0.11380141705740243,0.028207166003994644,"{""max_depth"": null, ""max_features"": ""sqrt"", ""min_samples_leaf"": 1, ""n_estimators"": 300}"
banknote-authentication,31,HistGradientBoosting,822,275,275,0.9890909090909091,0.9889411670084851,0.01684288052004977,0.010207711684766762,8.788321707979776,0.8094567500520498,0.0055518330773338675,"{""learning_rate"": 0.1, ""max_depth"": 12, ""max_leaf_nodes"": 31, ""min_samples_leaf"": 20}"
banknote-authentication,31,MLP,822,275,275,0.9927272727272727,0.992645485665383,0.013906566062479213,0.023600463070932547,1.1342579999472946,0.07816062506753951,0.0007558749057352543,"{""alpha"": 0.0001, ""hidden_layer_sizes"": [128, 64], ""learning_rate_init"": 0.001}"
banknote-authentication,47,Logistic Regression,822,275,275,0.9781818181818182,0.9779364569961488,0.026426652384052507,0.022627800276860625,0.05089816695544869,0.0023183340672403574,0.000585916917771101,"{""C"": 20.0, ""class_weight"": null}"
banknote-authentication,47,Random Forest,822,275,275,0.9927272727272727,0.992645485665383,0.011540121212121212,0.024206060606060637,2.6355118340579793,0.16383354202844203,0.025090332957915962,"{""max_depth"": null, ""max_features"": 0.5, ""min_samples_leaf"": 1, ""n_estimators"": 300}"
banknote-authentication,47,Extra Trees,822,275,275,1.0,1.0,0.0036842828282828283,0.015381818181818226,2.038786540972069,0.11346350004896522,0.025959750055335462,"{""max_depth"": null, ""max_features"": 0.5, ""min_samples_leaf"": 1, ""n_estimators"": 300}"
banknote-authentication,47,HistGradientBoosting,822,275,275,1.0,1.0,0.00011277365688694454,0.0013666003965393098,6.923706833040342,0.7764492499409243,0.007270874921232462,"{""learning_rate"": 0.1, ""max_depth"": 6, ""max_leaf_nodes"": 31, ""min_samples_leaf"": 20}"
banknote-authentication,47,MLP,822,275,275,0.9454545454545454,0.9452692751661824,0.36992564841073616,0.3713196628805255,1.103106457972899,0.03912495798431337,0.0007230410119518638,"{""alpha"": 0.0001, ""hidden_layer_sizes"": [128], ""learning_rate_init"": 0.0003}"
diabetes,11,Logistic Regression,460,154,154,0.7727272727272727,0.7571525118269881,0.311376690172784,0.07484428154048416,0.05128504103049636,0.003184415982104838,0.0006321249529719353,"{""C"": 20.0, ""class_weight"": ""balanced""}"
diabetes,11,Random Forest,460,154,154,0.7727272727272727,0.7447312337201042,0.3073603223771324,0.07096458782159906,2.37473837507423,0.16792691603768617,0.04054083302617073,"{""max_depth"": 12, ""max_features"": 0.5, ""min_samples_leaf"": 1, ""n_estimators"": 300}"
diabetes,11,Extra Trees,460,154,154,0.7662337662337663,0.7275943396226415,0.30167957743930296,0.07774905619391338,1.9525679999496788,0.11373729107435793,0.025930166942998767,"{""max_depth"": 12, ""max_features"": 0.5, ""min_samples_leaf"": 2, ""n_estimators"": 300}"
diabetes,11,HistGradientBoosting,460,154,154,0.7792207792207793,0.7532051282051282,0.3064678389407585,0.060953812015863425,4.0311747919768095,0.23622470803093165,0.0035872090375050902,"{""learning_rate"": 0.05, ""max_depth"": 6, ""max_leaf_nodes"": 15, ""min_samples_leaf"": 10}"
diabetes,11,MLP,460,154,154,0.7727272727272727,0.7366492402403869,0.2948989519856344,0.07219846027564684,0.7407170409569517,0.09335591702256352,0.0009574999567121267,"{""alpha"": 0.001, ""hidden_layer_sizes"": [128, 64], ""learning_rate_init"": 0.0003}"
diabetes,17,Logistic Regression,460,154,154,0.7987012987012987,0.7760262725779967,0.29555442403076476,0.08924828564041701,0.06665504106786102,0.0027829169994220138,0.0007474160520359874,"{""C"": 1.0, ""class_weight"": null}"
diabetes,17,Random Forest,460,154,154,0.8246753246753247,0.8083075930109263,0.28324149467264836,0.09636189628531013,2.5046753749484196,0.16115841700229794,0.025864958064630628,"{""max_depth"": 24, ""max_features"": 0.5, ""min_samples_leaf"": 5, ""n_estimators"": 300}"
diabetes,17,Extra Trees,460,154,154,0.7922077922077922,0.7698486829815057,0.2903242572977103,0.05415451492888436,1.8761482500704005,0.11720658303238451,0.027571875019930303,"{""max_depth"": 12, ""max_features"": 0.5, ""min_samples_leaf"": 2, ""n_estimators"": 300}"
diabetes,17,HistGradientBoosting,460,154,154,0.8246753246753247,0.8030783802983661,0.2744375009599711,0.059079373385111864,2.9862602920038626,0.4070450420258567,0.004759208997711539,"{""learning_rate"": 0.03, ""max_depth"": 6, ""max_leaf_nodes"": 31, ""min_samples_leaf"": 20}"
diabetes,17,MLP,460,154,154,0.7597402597402597,0.7450217031368864,0.3981901531036609,0.14600424560188957,0.5534673751099035,0.024861290934495628,0.0006903749890625477,"{""alpha"": 1e-05, ""hidden_layer_sizes"": [128], ""learning_rate_init"": 0.001}"
diabetes,23,Logistic Regression,460,154,154,0.7792207792207793,0.7397096838337642,0.3202965481458481,0.06840647540000881,0.046390999923460186,0.0023345419904217124,0.0006730000022798777,"{""C"": 20.0, ""class_weight"": null}"
diabetes,23,Random Forest,460,154,154,0.7662337662337663,0.7386877828054299,0.3360784922987654,0.08482316083566707,2.3812119589420035,0.1768579159397632,0.027915583923459053,"{""max_depth"": 12, ""max_features"": ""sqrt"", ""min_samples_leaf"": 5, ""n_estimators"": 300}"
diabetes,23,Extra Trees,460,154,154,0.7467532467532467,0.7065520105535741,0.34561770563138466,0.04827997964594858,1.9272271670633927,0.1142293750308454,0.026102082920260727,"{""max_depth"": 12, ""max_features"": 0.5, ""min_samples_leaf"": 5, ""n_estimators"": 300}"
diabetes,23,HistGradientBoosting,460,154,154,0.7402597402597403,0.7096530920060332,0.3641950434563329,0.08172054326601438,4.074890790972859,0.18509420903865248,0.0019163329852744937,"{""learning_rate"": 0.1, ""max_depth"": 6, ""max_leaf_nodes"": 31, ""min_samples_leaf"": 10}"
diabetes,23,MLP,460,154,154,0.7597402597402597,0.7274597024919883,0.3165355296958056,0.056116430949483986,0.5178961660712957,0.07920654199551791,0.000749915954656899,"{""alpha"": 0.0001, ""hidden_layer_sizes"": [256, 128], ""learning_rate_init"": 0.001}"
diabetes,31,Logistic Regression,460,154,154,0.7532467532467533,0.7186538461538461,0.33577779474323555,0.05143825694455616,0.04571129102259874,0.001972084050066769,0.0006087090587243438,"{""C"": 1.0, ""class_weight"": null}"
diabetes,31,Random Forest,460,154,154,0.7467532467532467,0.7127277945185824,0.36031329617464664,0.07100220022561313,2.2564582499908283,0.16368820809293538,0.04457058303523809,"{""max_depth"": 12, ""max_features"": ""sqrt"", ""min_samples_leaf"": 1, ""n_estimators"": 300}"
diabetes,31,Extra Trees,460,154,154,0.7272727272727273,0.6857142857142857,0.35951656459820075,0.08864133650395883,1.830527540994808,0.11346400005277246,0.027461915975436568,"{""max_depth"": null, ""max_features"": 0.5, ""min_samples_leaf"": 2, ""n_estimators"": 300}"
diabetes,31,HistGradientBoosting,460,154,154,0.7142857142857143,0.6913265306122449,0.40312272134461247,0.11811072198300787,2.8723910830449313,0.25654545798897743,0.002582708024419844,"{""learning_rate"": 0.1, ""max_depth"": null, ""max_leaf_nodes"": 31, ""min_samples_leaf"": 10}"
diabetes,31,MLP,460,154,154,0.7467532467532467,0.72074208397266,0.3513903664988357,0.07641601128240208,0.6580362919485196,0.09391395805869251,0.0009435419924557209,"{""alpha"": 1e-05, ""hidden_layer_sizes"": [128], ""learning_rate_init"": 0.001}"
diabetes,47,Logistic Regression,460,154,154,0.7597402597402597,0.7216006253969804,0.32080328714291106,0.07681596393216544,0.0596125409938395,0.00232674996368587,0.0007152920588850975,"{""C"": 20.0, ""class_weight"": null}"
diabetes,47,Random Forest,460,154,154,0.7792207792207793,0.745578231292517,0.30997237849316095,0.040029470877570944,2.3252029579598457,0.16205479193013161,0.02805370802525431,"{""max_depth"": 24, ""max_features"": ""sqrt"", ""min_samples_leaf"": 2, ""n_estimators"": 300}"
diabetes,47,Extra Trees,460,154,154,0.7922077922077922,0.7550208789023662,0.3107843426389213,0.06148383106306877,1.899104541982524,0.12234362494200468,0.027005790965631604,"{""max_depth"": null, ""max_features"": 0.5, ""min_samples_leaf"": 5, ""n_estimators"": 300}"
diabetes,47,HistGradientBoosting,460,154,154,0.7662337662337663,0.7433333333333333,0.311974688589501,0.031118941107216438,3.741270791972056,0.3874952499754727,0.00434024992864579,"{""learning_rate"": 0.05, ""max_depth"": 6, ""max_leaf_nodes"": 31, ""min_samples_leaf"": 20}"
diabetes,47,MLP,460,154,154,0.7922077922077922,0.7578616352201257,0.31219722254377763,0.057377767117849636,0.6352699169656262,0.03798150003422052,0.0007340830052271485,"{""alpha"": 1e-05, ""hidden_layer_sizes"": [128], ""learning_rate_init"": 0.001}"
vehicle,11,Logistic Regression,507,169,170,0.8117647058823529,0.8111111111111111,0.26189208267995323,0.06325883830984437,0.13131612504366785,0.015722999931313097,0.0008023750269785523,"{""C"": 20.0, ""class_weight"": ""balanced""}"
vehicle,11,Random Forest,507,169,170,0.7705882352941177,0.7610223968584842,0.28368471784855104,0.09109415834342151,2.9482632919680327,0.17773108300752938,0.027264334028586745,"{""max_depth"": 12, ""max_features"": 0.5, ""min_samples_leaf"": 1, ""n_estimators"": 300}"
vehicle,11,Extra Trees,507,169,170,0.7705882352941177,0.7665686616906129,0.2653611764705882,0.08852941176470591,2.1854199999943376,0.12400291603989899,0.02679362497292459,"{""max_depth"": null, ""max_features"": 0.5, ""min_samples_leaf"": 1, ""n_estimators"": 300}"
vehicle,11,HistGradientBoosting,507,169,170,0.7764705882352941,0.7697006567391332,0.29661282123103083,0.11771961121900615,15.69109854195267,0.9221840840764344,0.013475166982971132,"{""learning_rate"": 0.1, ""max_depth"": null, ""max_leaf_nodes"": 15, ""min_samples_leaf"": 20}"
vehicle,11,MLP,507,169,170,0.7588235294117647,0.754064787965095,0.32211994183133635,0.09268102881071441,0.9372566249221563,0.28402495908085257,0.0008996250107884407,"{""alpha"": 0.001, ""hidden_layer_sizes"": [256, 128], ""learning_rate_init"": 0.0001}"
vehicle,17,Logistic Regression,507,169,170,0.8176470588235294,0.815794618636819,0.26109525465602484,0.09725528833137709,0.10574379097670317,0.007010041968896985,0.0007023749640211463,"{""C"": 1.0, ""class_weight"": null}"
vehicle,17,Random Forest,507,169,170,0.7294117647058823,0.7295813754147088,0.31055490196078434,0.1337254901960784,2.852024915977381,0.1772862080251798,0.027602332993410528,"{""max_depth"": null, ""max_features"": 0.5, ""min_samples_leaf"": 1, ""n_estimators"": 300}"
vehicle,17,Extra Trees,507,169,170,0.711764705882353,0.6995775759820704,0.32709608765228715,0.1008203814943623,2.2271557500353083,0.13915866694878787,0.025181249948218465,"{""max_depth"": 24, ""max_features"": ""sqrt"", ""min_samples_leaf"": 2, ""n_estimators"": 300}"
vehicle,17,HistGradientBoosting,507,169,170,0.7352941176470589,0.7330542709558774,0.3632598455021112,0.1459072379126043,21.892111749970354,1.174601083039306,0.012909332988783717,"{""learning_rate"": 0.1, ""max_depth"": 12, ""max_leaf_nodes"": 31, ""min_samples_leaf"": 20}"
vehicle,17,MLP,507,169,170,0.7411764705882353,0.7333628530838914,0.31411745257473295,0.10772187765008472,0.9974777080351487,0.05574025004170835,0.0008072920609265566,"{""alpha"": 1e-05, ""hidden_layer_sizes"": [128], ""learning_rate_init"": 0.001}"
vehicle,23,Logistic Regression,507,169,170,0.8,0.802625596302922,0.24908642597352176,0.06362087596031861,0.10249550000298768,0.010745708015747368,0.000800624955445528,"{""C"": 5.0, ""class_weight"": ""balanced""}"
vehicle,23,Random Forest,507,169,170,0.7529411764705882,0.7500937045890597,0.2875502310516388,0.10979163554310611,2.7834750420879573,0.17603145900648087,0.02661837509367615,"{""max_depth"": 24, ""max_features"": ""sqrt"", ""min_samples_leaf"": 2, ""n_estimators"": 300}"
vehicle,23,Extra Trees,507,169,170,0.7470588235294118,0.7367380651956054,0.29464538528814305,0.12481101932866534,2.2679505000123754,0.12595200003124774,0.02771349996328354,"{""max_depth"": null, ""max_features"": 0.5, ""min_samples_leaf"": 5, ""n_estimators"": 300}"
vehicle,23,HistGradientBoosting,507,169,170,0.8,0.7987624036907248,0.298415626857786,0.09523189435157868,14.77329787495546,0.9921838330337778,0.0090578340459615,"{""learning_rate"": 0.1, ""max_depth"": 12, ""max_leaf_nodes"": 31, ""min_samples_leaf"": 20}"
vehicle,23,MLP,507,169,170,0.7823529411764706,0.7755621356230423,0.2841976369708186,0.09185547457038995,1.0487149159889668,0.06818820792250335,0.0008956249803304672,"{""alpha"": 0.0001, ""hidden_layer_sizes"": [128, 64], ""learning_rate_init"": 0.001}"
vehicle,31,Logistic Regression,507,169,170,0.7823529411764706,0.7797210732330243,0.29172750902501793,0.1167045854050643,0.10144070792011917,0.011146332952193916,0.0006991659756749868,"{""C"": 5.0, ""class_weight"": ""balanced""}"
vehicle,31,Random Forest,507,169,170,0.7352941176470589,0.7298830180243474,0.2929841946480464,0.08516046931262748,2.878958542016335,0.19367250008508563,0.025403250008821487,"{""max_depth"": 12, ""max_features"": ""sqrt"", ""min_samples_leaf"": 1, ""n_estimators"": 300}"
vehicle,31,Extra Trees,507,169,170,0.7411764705882353,0.736404274545604,0.27985176470588236,0.12723529411764706,2.495855125016533,0.12977370794396847,0.02592550008557737,"{""max_depth"": null, ""max_features"": 0.5, ""min_samples_leaf"": 1, ""n_estimators"": 300}"
vehicle,31,HistGradientBoosting,507,169,170,0.7235294117647059,0.7196786629924061,0.33433585925540643,0.13428787855140942,20.037791874958202,3.0768203330226243,0.024273165967315435,"{""learning_rate"": 0.03, ""max_depth"": null, ""max_leaf_nodes"": 15, ""min_samples_leaf"": 20}"
vehicle,31,MLP,507,169,170,0.8058823529411765,0.8075901525298778,0.2585789982467082,0.07456693701021888,0.6903065000660717,0.18959141697268933,0.0009195420425385237,"{""alpha"": 0.001, ""hidden_layer_sizes"": [256, 128], ""learning_rate_init"": 0.001}"
vehicle,47,Logistic Regression,507,169,170,0.7941176470588235,0.7886354112100576,0.27233094637296124,0.07497907395038622,0.12323770904913545,0.015627874992787838,0.0009651669533923268,"{""C"": 20.0, ""class_weight"": null}"
vehicle,47,Random Forest,507,169,170,0.7647058823529411,0.7468253968253968,0.30291712418300654,0.08878431372549023,3.110937000019476,0.21672295802272856,0.025934041012078524,"{""max_depth"": null, ""max_features"": ""sqrt"", ""min_samples_leaf"": 1, ""n_estimators"": 300}"
vehicle,47,Extra Trees,507,169,170,0.7647058823529411,0.7534544815134255,0.29261917087330064,0.09544350659016139,2.2792692079674453,0.12895241705700755,0.027825540979392827,"{""max_depth"": 12, ""max_features"": 0.5, ""min_samples_leaf"": 1, ""n_estimators"": 300}"
vehicle,47,HistGradientBoosting,507,169,170,0.7823529411764706,0.771724837574153,0.3059562884931225,0.10139465558466282,19.473577167023905,1.86353183304891,0.011085749953053892,"{""learning_rate"": 0.05, ""max_depth"": null, ""max_leaf_nodes"": 31, ""min_samples_leaf"": 10}"
vehicle,47,MLP,507,169,170,0.6941176470588235,0.6661869104585606,0.4615952061842647,0.17476119416014504,0.9932037089020014,0.09557287499774247,0.000894750002771616,"{""alpha"": 0.0001, ""hidden_layer_sizes"": [256, 128], ""learning_rate_init"": 0.0003}"
segment,11,Logistic Regression,1386,462,462,0.948051948051948,0.9484524102726122,0.07584612281844207,0.022354238137556066,0.16456458298489451,0.024016832932829857,0.0007400000467896461,"{""C"": 20.0, ""class_weight"": null}"
segment,11,Random Forest,1386,462,462,0.9718614718614719,0.9718141124014336,0.053244155844155844,0.05520923520923515,2.9597111670300364,0.18946912500541657,0.024858916993252933,"{""max_depth"": null, ""max_features"": ""sqrt"", ""min_samples_leaf"": 1, ""n_estimators"": 300}"
segment,11,Extra Trees,1386,462,462,0.9805194805194806,0.980486310452447,0.0392138665090054,0.0435215247715248,2.1766672080848366,0.13816770806442946,0.0277330829994753,"{""max_depth"": 24, ""max_features"": 0.5, ""min_samples_leaf"": 1, ""n_estimators"": 300}"
segment,11,HistGradientBoosting,1386,462,462,0.9653679653679653,0.9655491912001872,0.04682410303698679,0.01918363658374745,34.380051041953266,4.1061850420665,0.028335624956525862,"{""learning_rate"": 0.05, ""max_depth"": 6, ""max_leaf_nodes"": 31, ""min_samples_leaf"": 10}"
segment,11,MLP,1386,462,462,0.9329004329004329,0.9327065146821327,0.08809097083001145,0.03347558949825323,2.970880415989086,0.3742301668971777,0.0011067079612985253,"{""alpha"": 0.0001, ""hidden_layer_sizes"": [128, 64], ""learning_rate_init"": 0.0003}"
segment,17,Logistic Regression,1386,462,462,0.9415584415584416,0.941663976725223,0.08324732466229756,0.016142511516169647,0.18602562497835606,0.028420624905265868,0.0007830000249668956,"{""C"": 20.0, ""class_weight"": ""balanced""}"
segment,17,Random Forest,1386,462,462,0.9805194805194806,0.9804604637139567,0.03590933140933141,0.03325396825396829,3.0245450000511482,0.21468741702847183,0.024903416982851923,"{""max_depth"": null, ""max_features"": 0.5, ""min_samples_leaf"": 1, ""n_estimators"": 300}"
segment,17,Extra Trees,1386,462,462,0.9761904761904762,0.9761829689893515,0.04643037271187377,0.057730002446876524,2.353832082939334,0.14386295899748802,0.027229374973103404,"{""max_depth"": 12, ""max_features"": 0.5, ""min_samples_leaf"": 2, ""n_estimators"": 300}"
segment,17,HistGradientBoosting,1386,462,462,0.9848484848484849,0.9847699101489337,0.025097180002624044,0.009419701304184328,53.39737233298365,5.806119250017218,0.03788583411369473,"{""learning_rate"": 0.05, ""max_depth"": null, ""max_leaf_nodes"": 31, ""min_samples_leaf"": 20}"
segment,17,MLP,1386,462,462,0.974025974025974,0.9739668124951013,0.03754174056345923,0.017240404908882633,2.3613696249667555,0.4712727090809494,0.0011553749209269881,"{""alpha"": 0.001, ""hidden_layer_sizes"": [256, 128], ""learning_rate_init"": 0.001}"
segment,23,Logistic Regression,1386,462,462,0.9567099567099567,0.9571500488002815,0.07457384710704557,0.022663085987597805,0.17866629199124873,0.02609483408741653,0.0007530829170718789,"{""C"": 20.0, ""class_weight"": ""balanced""}"
segment,23,Random Forest,1386,462,462,0.9718614718614719,0.9716553816877401,0.040609912547695116,0.04709747515761065,3.014181125094183,0.1870212919311598,0.02614379092119634,"{""max_depth"": 24, ""max_features"": ""sqrt"", ""min_samples_leaf"": 2, ""n_estimators"": 300}"
segment,23,Extra Trees,1386,462,462,0.9718614718614719,0.9720074058548243,0.05131454059727678,0.07186230349721429,2.266038249945268,0.13892337505239993,0.026253166957758367,"{""max_depth"": null, ""max_features"": 0.5, ""min_samples_leaf"": 5, ""n_estimators"": 300}"
segment,23,HistGradientBoosting,1386,462,462,0.987012987012987,0.9869626613987516,0.020777019941756323,0.005092131365620329,47.39258041710127,3.235499250004068,0.021322957938537,"{""learning_rate"": 0.1, ""max_depth"": 12, ""max_leaf_nodes"": 31, ""min_samples_leaf"": 20}"
segment,23,MLP,1386,462,462,0.9632034632034632,0.963357654889913,0.0548936966263431,0.013380808745197686,2.727953499997966,0.34984449995681643,0.0012835829984396696,"{""alpha"": 0.001, ""hidden_layer_sizes"": [256, 128], ""learning_rate_init"": 0.001}"
segment,31,Logistic Regression,1386,462,462,0.9567099567099567,0.9564788774897234,0.06150431323112867,0.025398200324087628,0.1897115419851616,0.026907583931460977,0.0010177079821005464,"{""C"": 20.0, ""class_weight"": null}"
segment,31,Random Forest,1386,462,462,0.9783549783549783,0.9782141253987848,0.036533958633958634,0.025122655122655133,3.1397848339984193,0.2433594170724973,0.025897958083078265,"{""max_depth"": null, ""max_features"": 0.5, ""min_samples_leaf"": 1, ""n_estimators"": 300}"
segment,31,Extra Trees,1386,462,462,0.974025974025974,0.9738658179296856,0.04343958633958635,0.04308080808080808,2.3678299579769373,0.1389907079283148,0.028132874984294176,"{""max_depth"": null, ""max_features"": ""sqrt"", ""min_samples_leaf"": 1, ""n_estimators"": 300}"
segment,31,HistGradientBoosting,1386,462,462,0.9805194805194806,0.9804203450584922,0.028645413034188074,0.01077800248441709,53.76813195797149,6.820153916953132,0.044416916905902326,"{""learning_rate"": 0.03, ""max_depth"": null, ""max_leaf_nodes"": 31, ""min_samples_leaf"": 10}"
segment,31,MLP,1386,462,462,0.9675324675324676,0.9673962853067332,0.044743934639874326,0.015308767962276357,2.6911990829976276,0.22240179195068777,0.00104358303360641,"{""alpha"": 0.0001, ""hidden_layer_sizes"": [128, 64], ""learning_rate_init"": 0.001}"
segment,47,Logistic Regression,1386,462,462,0.9588744588744589,0.9590567916149312,0.06517484254436955,0.025049573346138245,0.19876574992667884,0.022822041995823383,0.0008308748947456479,"{""C"": 20.0, ""class_weight"": null}"
segment,47,Random Forest,1386,462,462,0.9826839826839827,0.9826997602065042,0.03205238095238095,0.03045454545454547,3.126650167047046,0.2759975829394534,0.02787783299572766,"{""max_depth"": null, ""max_features"": 0.5, ""min_samples_leaf"": 1, ""n_estimators"": 300}"
segment,47,Extra Trees,1386,462,462,0.9761904761904762,0.9762440198846765,0.04036758056758056,0.050274170274170325,2.36197683296632,0.1367900000186637,0.028286959044635296,"{""max_depth"": null, ""max_features"": ""sqrt"", ""min_samples_leaf"": 1, ""n_estimators"": 300}"
segment,47,HistGradientBoosting,1386,462,462,0.9913419913419913,0.9913068044487087,0.020516663164973584,0.011575893821387545,51.11815433297306,2.1562923330347985,0.020027749938890338,"{""learning_rate"": 0.1, ""max_depth"": 6, ""max_leaf_nodes"": 31, ""min_samples_leaf"": 20}"
segment,47,MLP,1386,462,462,0.974025974025974,0.9742161007838631,0.050387458596272125,0.028856796151104067,3.0216360830236226,0.3022123749833554,0.0010957920458167791,"{""alpha"": 0.0001, ""hidden_layer_sizes"": [256, 128], ""learning_rate_init"": 0.001}"
steel-plates-fault,11,Logistic Regression,1164,388,389,1.0,1.0,1.4390181026422879e-06,0.0006354543790404454,0.09278858301695436,0.005401458009146154,0.0009085829369723797,"{""C"": 20.0, ""class_weight"": ""balanced""}"
steel-plates-fault,11,Random Forest,1164,388,389,1.0,1.0,0.0013338068871268272,0.011075189372483824,2.938710458111018,0.22753612499218434,0.027542541036382318,"{""max_depth"": 12, ""max_features"": 0.5, ""min_samples_leaf"": 1, ""n_estimators"": 300}"
steel-plates-fault,11,Extra Trees,1164,388,389,1.0,1.0,0.00012819194515852617,0.0019365895458440167,2.2464855830185115,0.12606533302459866,0.026089083985425532,"{""max_depth"": 24, ""max_features"": 0.5, ""min_samples_leaf"": 1, ""n_estimators"": 300}"
steel-plates-fault,11,HistGradientBoosting,1164,388,389,1.0,1.0,9.290799306388741e-10,2.0498763814269516e-05,4.546418041107245,0.3647627499885857,0.0074374579126015306,"{""learning_rate"": 0.1, ""max_depth"": 12, ""max_leaf_nodes"": 15, ""min_samples_leaf"": 20}"
steel-plates-fault,11,MLP,1164,388,389,0.9922879177377892,0.9914768370082018,0.042116402809345005,0.09478783416844519,1.596054165973328,0.12082416703924537,0.0011682920157909393,"{""alpha"": 0.001, ""hidden_layer_sizes"": [128, 64], ""learning_rate_init"": 0.0003}"
steel-plates-fault,17,Logistic Regression,1164,388,389,0.9974293059125964,0.9971687882559299,0.0051429471822718245,0.001923545693277573,0.08848466700874269,0.005516750039532781,0.0011916660005226731,"{""C"": 20.0, ""class_weight"": null}"
steel-plates-fault,17,Random Forest,1164,388,389,1.0,1.0,0.001504427306483862,0.009931448157669383,3.024108292069286,0.23528899997472763,0.027903957990929484,"{""max_depth"": null, ""max_features"": 0.5, ""min_samples_leaf"": 1, ""n_estimators"": 300}"
steel-plates-fault,17,Extra Trees,1164,388,389,1.0,1.0,0.00015835475578406173,0.0025706940874035463,2.1806537079392,0.14035220898222178,0.02787883300334215,"{""max_depth"": null, ""max_features"": 0.5, ""min_samples_leaf"": 1, ""n_estimators"": 300}"
steel-plates-fault,17,HistGradientBoosting,1164,388,389,1.0,1.0,9.081438636440989e-10,2.0296188397828097e-05,5.1033243329729885,0.381722041987814,0.007598791038617492,"{""learning_rate"": 0.1, ""max_depth"": 12, ""max_leaf_nodes"": 31, ""min_samples_leaf"": 20}"
steel-plates-fault,17,MLP,1164,388,389,1.0,1.0,0.001390810557006488,0.009704089129268727,1.6476324589457363,0.10649116698186845,0.0011653749970719218,"{""alpha"": 0.0001, ""hidden_layer_sizes"": [128, 64], ""learning_rate_init"": 0.001}"
steel-plates-fault,23,Logistic Regression,1164,388,389,1.0,1.0,1.146562292441287e-06,0.0005888376896082681,0.0861115000443533,0.005346540943719447,0.0009149579564109445,"{""C"": 20.0, ""class_weight"": null}"
steel-plates-fault,23,Random Forest,1164,388,389,1.0,1.0,0.00214921451013996,0.012887746358183431,2.937236167024821,0.22206795797683299,0.027031000005081296,"{""max_depth"": 24, ""max_features"": 0.5, ""min_samples_leaf"": 1, ""n_estimators"": 300}"
steel-plates-fault,23,Extra Trees,1164,388,389,1.0,1.0,8.077692087974865e-05,0.0019708654670094194,2.177316499990411,0.12966333306394517,0.02768929209560156,"{""max_depth"": 24, ""max_features"": 0.5, ""min_samples_leaf"": 1, ""n_estimators"": 300}"
steel-plates-fault,23,HistGradientBoosting,1164,388,389,1.0,1.0,9.17917361276545e-10,2.037762994844261e-05,4.205920499982312,0.3553964589955285,0.00645245797932148,"{""learning_rate"": 0.1, ""max_depth"": 12, ""max_leaf_nodes"": 31, ""min_samples_leaf"": 20}"
steel-plates-fault,23,MLP,1164,388,389,0.9922879177377892,0.9914768370082018,0.03702443105535432,0.09109431995974684,1.6382959999609739,0.1528977919369936,0.0011587919434532523,"{""alpha"": 0.001, ""hidden_layer_sizes"": [256, 128], ""learning_rate_init"": 0.001}"
steel-plates-fault,31,Logistic Regression,1164,388,389,1.0,1.0,1.4314092605279108e-06,0.000671490319012702,0.08913166692946106,0.005569541011936963,0.0008934999350458384,"{""C"": 20.0, ""class_weight"": ""balanced""}"
steel-plates-fault,31,Random Forest,1164,388,389,1.0,1.0,0.0017948586118251932,0.013204798628963167,2.945260542095639,0.22403899999335408,0.026322124991565943,"{""max_depth"": null, ""max_features"": 0.5, ""min_samples_leaf"": 1, ""n_estimators"": 300}"
steel-plates-fault,31,Extra Trees,1164,388,389,1.0,1.0,0.00011893744644387318,0.002193658954584353,2.151607249979861,0.12242587504442781,0.02472787501756102,"{""max_depth"": null, ""max_features"": 0.5, ""min_samples_leaf"": 1, ""n_estimators"": 300}"
steel-plates-fault,31,HistGradientBoosting,1164,388,389,1.0,1.0,9.530674744310845e-10,2.072456253376931e-05,4.350085334037431,0.33045887493062764,0.006157082971185446,"{""learning_rate"": 0.1, ""max_depth"": null, ""max_leaf_nodes"": 15, ""min_samples_leaf"": 10}"
steel-plates-fault,31,MLP,1164,388,389,1.0,1.0,0.001095647927629819,0.005753331316734724,1.5732609999831766,0.19992883293889463,0.0016656250227242708,"{""alpha"": 0.001, ""hidden_layer_sizes"": [256, 128], ""learning_rate_init"": 0.001}"
steel-plates-fault,47,Logistic Regression,1164,388,389,1.0,1.0,1.174388561042241e-06,0.0006470982658852709,0.0926267079776153,0.005893583060242236,0.0009419170673936605,"{""C"": 20.0, ""class_weight"": ""balanced""}"
steel-plates-fault,47,Random Forest,1164,388,389,1.0,1.0,0.0012297057983433305,0.010351328191945163,3.1533484999090433,0.226944167050533,0.02783641591668129,"{""max_depth"": null, ""max_features"": 0.5, ""min_samples_leaf"": 1, ""n_estimators"": 300}"
steel-plates-fault,47,Extra Trees,1164,388,389,1.0,1.0,9.483004855755495e-05,0.002159383033419016,2.2191935000009835,0.1555989159969613,0.04228487494401634,"{""max_depth"": null, ""max_features"": 0.5, ""min_samples_leaf"": 1, ""n_estimators"": 300}"
steel-plates-fault,47,HistGradientBoosting,1164,388,389,1.0,1.0,9.331551835754697e-10,2.0536024714967738e-05,4.544469292042777,0.2914970830315724,0.0049817090621218085,"{""learning_rate"": 0.1, ""max_depth"": 6, ""max_leaf_nodes"": 31, ""min_samples_leaf"": 20}"
steel-plates-fault,47,MLP,1164,388,389,1.0,1.0,0.003018511595174742,0.025893638250186868,1.6465497920289636,0.1518373340368271,0.0011210000375285745,"{""alpha"": 0.0001, ""hidden_layer_sizes"": [256, 128], ""learning_rate_init"": 0.001}"
kc1,11,Logistic Regression,1265,422,422,0.8601895734597157,0.6294664781605774,0.20802938959827275,0.02386084208456558,0.08840104204136878,0.007872875081375241,0.0007415419677272439,"{""C"": 20.0, ""class_weight"": null}"
kc1,11,Random Forest,1265,422,422,0.8554502369668247,0.6627229013534583,0.21092839421728982,0.044793767232487305,2.880789333023131,0.20265854196622968,0.02658495889045298,"{""max_depth"": null, ""max_features"": 0.5, ""min_samples_leaf"": 1, ""n_estimators"": 300}"
kc1,11,Extra Trees,1265,422,422,0.8744075829383886,0.6797674784874648,0.1994889048284559,0.036017013073152984,2.280574542004615,0.14050408394541591,0.027656749938614666,"{""max_depth"": 12, ""max_features"": 0.5, ""min_samples_leaf"": 2, ""n_estimators"": 300}"
kc1,11,HistGradientBoosting,1265,422,422,0.8625592417061612,0.6393162393162394,0.209085758762407,0.03429632201596938,2.543670625076629,0.25595766596961766,0.004062167019583285,"{""learning_rate"": 0.05, ""max_depth"": 6, ""max_leaf_nodes"": 15, ""min_samples_leaf"": 10}"
kc1,11,MLP,1265,422,422,0.8554502369668247,0.6009920173603038,0.21355893768944778,0.02861575623510334,0.9019668750697747,0.05568266601767391,0.0008362920489162207,"{""alpha"": 0.0001, ""hidden_layer_sizes"": [64], ""learning_rate_init"": 0.001}"
kc1,17,Logistic Regression,1265,422,422,0.7298578199052133,0.6339592780838177,0.35202378676410057,0.07707006138943297,0.09722062502987683,0.010785500053316355,0.0008682500338181853,"{""C"": 20.0, ""class_weight"": ""balanced""}"
kc1,17,Random Forest,1265,422,422,0.8554502369668247,0.6169060197931393,0.20536786347025707,0.027023605879131465,2.7207280000438914,0.20820283400826156,0.02679599996190518,"{""max_depth"": 12, ""max_features"": 0.5, ""min_samples_leaf"": 2, ""n_estimators"": 300}"
kc1,17,Extra Trees,1265,422,422,0.8530805687203792,0.6218200740055504,0.2020889900577763,0.033971105599574926,2.1318601249950007,0.1380625000456348,0.027050625067204237,"{""max_depth"": null, ""max_features"": 0.5, ""min_samples_leaf"": 2, ""n_estimators"": 300}"
kc1,17,HistGradientBoosting,1265,422,422,0.8625592417061612,0.6166040100250627,0.2224475079372337,0.040983892602638614,5.756231249892153,0.3276095000328496,0.002757707959972322,"{""learning_rate"": 0.05, ""max_depth"": 6, ""max_leaf_nodes"": 31, ""min_samples_leaf"": 10}"
kc1,17,MLP,1265,422,422,0.8554502369668247,0.5924512768551209,0.21912996269744106,0.0276860403066871,1.1103260420495644,0.17194941698107868,0.0010408749803900719,"{""alpha"": 0.001, ""hidden_layer_sizes"": [256, 128], ""learning_rate_init"": 0.001}"
kc1,23,Logistic Regression,1265,422,422,0.7203791469194313,0.6393789287679963,0.3694748308092256,0.08827218912647891,0.08439979108516127,0.009849583962932229,0.000788999954238534,"{""C"": 20.0, ""class_weight"": ""balanced""}"
kc1,23,Random Forest,1265,422,422,0.8672985781990521,0.6979086771999796,0.20011072869238133,0.03640954860052578,2.8574040830135345,0.17722091695759445,0.026881790952757,"{""max_depth"": null, ""max_features"": ""sqrt"", ""min_samples_leaf"": 1, ""n_estimators"": 300}"
kc1,23,Extra Trees,1265,422,422,0.8696682464454977,0.7102914560319541,0.20881433866037394,0.06168312115460735,2.137718749931082,0.1258039999520406,0.027967290952801704,"{""max_depth"": null, ""max_features"": ""sqrt"", ""min_samples_leaf"": 1, ""n_estimators"": 300}"
kc1,23,HistGradientBoosting,1265,422,422,0.8530805687203792,0.6218200740055504,0.21221489136771274,0.03463810057022028,4.011902874917723,0.3124446670990437,0.0028878339799121022,"{""learning_rate"": 0.1, ""max_depth"": 12, ""max_leaf_nodes"": 31, ""min_samples_leaf"": 20}"
kc1,23,MLP,1265,422,422,0.8554502369668247,0.6009920173603038,0.2178460123982166,0.05434122154669999,1.3169624159345403,0.09631895797792822,0.0009747500298544765,"{""alpha"": 0.0001, ""hidden_layer_sizes"": [128, 64], ""learning_rate_init"": 0.001}"
kc1,31,Logistic Regression,1265,422,422,0.7725118483412322,0.6715101193565127,0.3210945275023837,0.09561578154186279,0.09313045802991837,0.004592333105392754,0.0007343749748542905,"{""C"": 0.05, ""class_weight"": ""balanced""}"
kc1,31,Random Forest,1265,422,422,0.8767772511848341,0.6828168362627197,0.1784248468458606,0.032584652051328565,2.7916399580426514,0.1956486669369042,0.027382833999581635,"{""max_depth"": 12, ""max_features"": 0.5, ""min_samples_leaf"": 1, ""n_estimators"": 300}"
kc1,31,Extra Trees,1265,422,422,0.8838862559241706,0.7146248223133083,0.17138649348416787,0.02865684762724673,2.097874083905481,0.12411416694521904,0.025219542090781033,"{""max_depth"": null, ""max_features"": 0.5, ""min_samples_leaf"": 2, ""n_estimators"": 300}"
kc1,31,HistGradientBoosting,1265,422,422,0.8815165876777251,0.6950161887141535,0.18369019955214017,0.025662131109346134,3.8881564169423655,0.276756834005937,0.0029429170535877347,"{""learning_rate"": 0.1, ""max_depth"": null, ""max_leaf_nodes"": 31, ""min_samples_leaf"": 10}"
kc1,31,MLP,1265,422,422,0.8554502369668247,0.5740547695871597,0.21806964200928594,0.06371265438652277,0.8504569999640808,0.0617451659636572,0.0008360829669982195,"{""alpha"": 1e-05, ""hidden_layer_sizes"": [64], ""learning_rate_init"": 0.0003}"
kc1,47,Logistic Regression,1265,422,422,0.6800947867298578,0.5998257974333219,0.41037061579673056,0.078731894202089,0.09372904105111957,0.004783416981808841,0.0007960830116644502,"{""C"": 0.05, ""class_weight"": ""balanced""}"
kc1,47,Random Forest,1265,422,422,0.8436018957345972,0.604936170212766,0.22796853495701808,0.04618090535099442,2.7126241670921445,0.18887025001458824,0.025844958028756082,"{""max_depth"": null, ""max_features"": ""sqrt"", ""min_samples_leaf"": 1, ""n_estimators"": 300}"
kc1,47,Extra Trees,1265,422,422,0.8388625592417062,0.6208445642407906,0.22909487941722156,0.04217722147327297,2.135258874972351,0.12442941695917398,0.027183374972082675,"{""max_depth"": null, ""max_features"": ""sqrt"", ""min_samples_leaf"": 1, ""n_estimators"": 300}"
kc1,47,HistGradientBoosting,1265,422,422,0.8483412322274881,0.6238859180035651,0.22598188374176154,0.033521663925160476,3.3090095829684287,0.267206082935445,0.0020144169684499502,"{""learning_rate"": 0.1, ""max_depth"": 12, ""max_leaf_nodes"": 31, ""min_samples_leaf"": 10}"
kc1,47,MLP,1265,422,422,0.8436018957345972,0.5542538889955829,0.23190988929456968,0.05848838642301592,1.2807086249813437,0.06277262500952929,0.0009677909547463059,"{""alpha"": 1e-05, ""hidden_layer_sizes"": [128], ""learning_rate_init"": 0.001}"
spambase,11,Logistic Regression,2760,920,921,0.9326818675352877,0.9290270458387193,0.11067772912068623,0.040246621084680995,0.2028387919999659,0.015051124966703355,0.0012708749854937196,"{""C"": 1.0, ""class_weight"": ""balanced""}"
spambase,11,Random Forest,2760,920,921,0.9522258414766558,0.949632097046833,0.08188367984047694,0.05112889667752943,3.689720291062258,0.20753862499259412,0.027546082972548902,"{""max_depth"": null, ""max_features"": ""sqrt"", ""min_samples_leaf"": 2, ""n_estimators"": 300}"
spambase,11,Extra Trees,2760,920,921,0.9554831704668838,0.9529924797428597,0.0888214620031318,0.07175648055956527,2.431436707964167,0.1520234589697793,0.027203583042137325,"{""max_depth"": null, ""max_features"": ""sqrt"", ""min_samples_leaf"": 2, ""n_estimators"": 300}"
spambase,11,HistGradientBoosting,2760,920,921,0.9554831704668838,0.9532800241512123,0.06790178631232244,0.008529582746937549,7.501136332983151,0.5194281250005588,0.006012457888573408,"{""learning_rate"": 0.1, ""max_depth"": 12, ""max_leaf_nodes"": 15, ""min_samples_leaf"": 20}"
spambase,11,MLP,2760,920,921,0.9381107491856677,0.9349177126917713,0.1013543342531987,0.010613019213845304,4.194266082951799,0.3706127079203725,0.0015005839522928,"{""alpha"": 0.0001, ""hidden_layer_sizes"": [128, 64], ""learning_rate_init"": 0.0003}"
spambase,17,Logistic Regression,2760,920,921,0.9196525515743756,0.9158002154597298,0.14175941935667985,0.049529439474559095,0.1673585419775918,0.010729874949902296,0.0011496669612824917,"{""C"": 0.05, ""class_weight"": ""balanced""}"
spambase,17,Random Forest,2760,920,921,0.9543973941368078,0.9519215471810679,0.08151526414101248,0.04472684969753366,4.087237624917179,0.23622254200745374,0.026095959008671343,"{""max_depth"": null, ""max_features"": ""sqrt"", ""min_samples_leaf"": 1, ""n_estimators"": 300}"
spambase,17,Extra Trees,2760,920,921,0.9533116178067318,0.9509522105130184,0.07347608879237542,0.035664133188563055,2.659258040948771,0.21133270801510662,0.02715758397243917,"{""max_depth"": null, ""max_features"": 0.5, ""min_samples_leaf"": 1, ""n_estimators"": 300}"
spambase,17,HistGradientBoosting,2760,920,921,0.9511400651465798,0.9488222764177445,0.07693034213801501,0.018729297880813116,8.808553291950375,0.46159008296672255,0.007396833039820194,"{""learning_rate"": 0.05, ""max_depth"": 12, ""max_leaf_nodes"": 15, ""min_samples_leaf"": 20}"
spambase,17,MLP,2760,920,921,0.9522258414766558,0.9497863777396683,0.08528293687604825,0.03334681998628068,3.3740107499761507,0.8123950830195099,0.001888624974526465,"{""alpha"": 0.001, ""hidden_layer_sizes"": [256, 128], ""learning_rate_init"": 0.001}"
spambase,23,Logistic Regression,2760,920,921,0.9348534201954397,0.9310986314487492,0.11690731260076295,0.04216155160757926,0.1695193329360336,0.01804354100022465,0.001243332982994616,"{""C"": 20.0, ""class_weight"": null}"
spambase,23,Random Forest,2760,920,921,0.9598262757871878,0.9575785792801417,0.074039103390035,0.05185402340451207,4.211057250038721,0.24992316705174744,0.02585041697602719,"{""max_depth"": null, ""max_features"": ""sqrt"", ""min_samples_leaf"": 1, ""n_estimators"": 300}"
spambase,23,Extra Trees,2760,920,921,0.9598262757871878,0.9577960881158529,0.07179549402823018,0.05209735794426355,2.6939184999791905,0.21612662496045232,0.02942754200194031,"{""max_depth"": null, ""max_features"": ""sqrt"", ""min_samples_leaf"": 1, ""n_estimators"": 300}"
spambase,23,HistGradientBoosting,2760,920,921,0.9576547231270358,0.9554700139470014,0.06604521132616535,0.011671456791753703,8.314146083081141,0.6770783750107512,0.00767008401453495,"{""learning_rate"": 0.1, ""max_depth"": 6, ""max_leaf_nodes"": 31, ""min_samples_leaf"": 20}"
spambase,23,MLP,2760,920,921,0.9500542888165038,0.9474508072278397,0.07824988869983318,0.013496131568626783,3.725492166937329,0.35929304198361933,0.0014487920561805367,"{""alpha"": 1e-05, ""hidden_layer_sizes"": [128], ""learning_rate_init"": 0.001}"
spambase,31,Logistic Regression,2760,920,921,0.9142236699239956,0.9104108769290062,0.14716102002022424,0.04156250482521453,0.17967250000219792,0.010980042046867311,0.0012897909618914127,"{""C"": 0.05, ""class_weight"": ""balanced""}"
spambase,31,Random Forest,2760,920,921,0.9467969598262758,0.9439951352994831,0.0858803388828568,0.04939956568946797,4.232627999968827,0.2407349169952795,0.027997500030323863,"{""max_depth"": null, ""max_features"": ""sqrt"", ""min_samples_leaf"": 1, ""n_estimators"": 300}"
spambase,31,Extra Trees,2760,920,921,0.9500542888165038,0.9476083300356154,0.08596970080830016,0.04618349619978277,2.6540420000674203,0.16275787504855543,0.02666620898526162,"{""max_depth"": null, ""max_features"": ""sqrt"", ""min_samples_leaf"": 1, ""n_estimators"": 300}"
spambase,31,HistGradientBoosting,2760,920,921,0.9359391965255157,0.9327018702387926,0.09355315525492909,0.020378647681645892,9.98956504103262,0.5030204589711502,0.0069228330394253135,"{""learning_rate"": 0.05, ""max_depth"": null, ""max_leaf_nodes"": 15, ""min_samples_leaf"": 20}"
spambase,31,MLP,2760,920,921,0.9315960912052117,0.9286875725900117,0.10505236911054547,0.01833698101616496,4.002372791990638,0.3180050830123946,0.0013533339370042086,"{""alpha"": 1e-05, ""hidden_layer_sizes"": [128], ""learning_rate_init"": 0.001}"
spambase,47,Logistic Regression,2760,920,921,0.9326818675352877,0.9291003635496752,0.11119795987128775,0.028012782732110154,0.16275429190136492,0.015446166042238474,0.0011512499768286943,"{""C"": 20.0, ""class_weight"": null}"
spambase,47,Random Forest,2760,920,921,0.9652551574375678,0.9635536208943412,0.07060572465051489,0.05400506695620691,4.003235000069253,0.22808799997437745,0.027956333942711353,"{""max_depth"": null, ""max_features"": ""sqrt"", ""min_samples_leaf"": 1, ""n_estimators"": 300}"
spambase,47,Extra Trees,2760,920,921,0.9630836047774158,0.9612757222002375,0.06721220895162262,0.03913861744480632,2.854958500014618,0.23335400002542883,0.027881540940143168,"{""max_depth"": null, ""max_features"": 0.5, ""min_samples_leaf"": 1, ""n_estimators"": 300}"
spambase,47,HistGradientBoosting,2760,920,921,0.9630836047774158,0.9612757222002375,0.05736764586373273,0.011995063476019537,9.555968582979403,0.5523020410910249,0.007034749956801534,"{""learning_rate"": 0.1, ""max_depth"": 12, ""max_leaf_nodes"": 15, ""min_samples_leaf"": 10}"
spambase,47,MLP,2760,920,921,0.9424538545059717,0.9394848907484891,0.08495120050035626,0.016271396400626893,5.091862292028964,0.7046942909946665,0.001682459027506411,"{""alpha"": 0.001, ""hidden_layer_sizes"": [256, 128], ""learning_rate_init"": 0.0003}"
phoneme,11,Logistic Regression,3242,1081,1081,0.7372802960222017,0.7108188148058838,0.3532576743241859,0.038966993888188244,0.06514533399604261,0.0037224580300971866,0.0006295409984886646,"{""C"": 0.01, ""class_weight"": ""balanced""}"
phoneme,11,Random Forest,3242,1081,1081,0.9121184088806661,0.8926863268200063,0.13876229828348235,0.04184397163120567,3.0287760419305414,0.23125791701022536,0.02583216701168567,"{""max_depth"": null, ""max_features"": 0.5, ""min_samples_leaf"": 1, ""n_estimators"": 300}"
phoneme,11,Extra Trees,3242,1081,1081,0.9093432007400555,0.8900318886554448,0.1338796763018316,0.037853671343522015,2.171478040982038,0.13790104095824063,0.026512791984714568,"{""max_depth"": 24, ""max_features"": 0.5, ""min_samples_leaf"": 1, ""n_estimators"": 300}"
phoneme,11,HistGradientBoosting,3242,1081,1081,0.8788159111933395,0.8547521388035009,0.16785836565960996,0.028879809764044743,7.477900000056252,0.9289647919358686,0.005276332958601415,"{""learning_rate"": 0.05, ""max_depth"": null, ""max_leaf_nodes"": 31, ""min_samples_leaf"": 10}"
phoneme,11,MLP,3242,1081,1081,0.8362627197039778,0.7984944241245997,0.22459954812523353,0.03187366286595303,5.148806416080333,0.901069000014104,0.0012612920254468918,"{""alpha"": 1e-05, ""hidden_layer_sizes"": [128, 64], ""learning_rate_init"": 0.0001}"
phoneme,17,Logistic Regression,3242,1081,1081,0.7095282146160962,0.6903539500091225,0.36407584136913634,0.059788771687094976,0.06534037494566292,0.0037358339177444577,0.0006290000164881349,"{""C"": 0.01, ""class_weight"": ""balanced""}"
phoneme,17,Random Forest,3242,1081,1081,0.9019426456984274,0.8834086284086284,0.1449254805221503,0.03348134443416593,3.0628956250147894,0.23670454102102667,0.02734991698525846,"{""max_depth"": null, ""max_features"": 0.5, ""min_samples_leaf"": 1, ""n_estimators"": 300}"
phoneme,17,Extra Trees,3242,1081,1081,0.9084181313598519,0.8910123561898573,0.1359541165587419,0.032494603761948807,2.1806295830756426,0.14806770801078528,0.02690241695381701,"{""max_depth"": null, ""max_features"": 0.5, ""min_samples_leaf"": 1, ""n_estimators"": 300}"
phoneme,17,HistGradientBoosting,3242,1081,1081,0.8880666049953746,0.8681655497444467,0.16504466529243367,0.015493513520726995,7.806776707991958,0.9108148330124095,0.007583749946206808,"{""learning_rate"": 0.1, ""max_depth"": 12, ""max_leaf_nodes"": 31, ""min_samples_leaf"": 20}"
phoneme,17,MLP,3242,1081,1081,0.84736355226642,0.8189880624370165,0.19372725087320394,0.0379640679033913,3.7415401668986306,0.7683376249624416,0.0012122920015826821,"{""alpha"": 0.001, ""hidden_layer_sizes"": [256, 128], ""learning_rate_init"": 0.001}"
phoneme,23,Logistic Regression,3242,1081,1081,0.7197039777983348,0.6927827973448664,0.36268018207839514,0.04960094003081392,0.06478845793753862,0.0039479590486735106,0.000663875020109117,"{""C"": 0.05, ""class_weight"": ""balanced""}"
phoneme,23,Random Forest,3242,1081,1081,0.9084181313598519,0.8881678563703224,0.138497836852163,0.04210876172855825,3.0562890000874177,0.2308167499722913,0.026446833973750472,"{""max_depth"": 24, ""max_features"": 0.5, ""min_samples_leaf"": 1, ""n_estimators"": 300}"
phoneme,23,Extra Trees,3242,1081,1081,0.9148936170212766,0.8967646301663359,0.1305067118922808,0.049451125501079295,2.1866374580422416,0.13994991697836667,0.02752579201478511,"{""max_depth"": null, ""max_features"": ""sqrt"", ""min_samples_leaf"": 1, ""n_estimators"": 300}"
phoneme,23,HistGradientBoosting,3242,1081,1081,0.9010175763182239,0.8786622817369777,0.14826258271492818,0.021535589623740588,8.891960082924925,0.7030440829694271,0.005119082983583212,"{""learning_rate"": 0.1, ""max_depth"": 12, ""max_leaf_nodes"": 31, ""min_samples_leaf"": 20}"
phoneme,23,MLP,3242,1081,1081,0.8769657724329325,0.8503338972023422,0.18427523715843733,0.023689217860130025,4.217955208965577,1.3386504169320688,0.0011930830078199506,"{""alpha"": 0.001, ""hidden_layer_sizes"": [256, 128], ""learning_rate_init"": 0.001}"
phoneme,31,Logistic Regression,3242,1081,1081,0.7372802960222017,0.7125624489734774,0.34759855323717975,0.023847841816529096,0.06589775008615106,0.0038172920467332006,0.0006372920470312238,"{""C"": 0.05, ""class_weight"": ""balanced""}"
phoneme,31,Random Forest,3242,1081,1081,0.913968547641073,0.8955441609650421,0.13041676432095142,0.03737195175400536,3.0620241669239476,0.23497504100669175,0.026322250021621585,"{""max_depth"": 24, ""max_features"": 0.5, ""min_samples_leaf"": 1, ""n_estimators"": 300}"
phoneme,31,Extra Trees,3242,1081,1081,0.9213691026827012,0.9050634546219121,0.11861457498201253,0.03551649707061361,2.2336155000375584,0.13623658299911767,0.02685083309188485,"{""max_depth"": null, ""max_features"": ""sqrt"", ""min_samples_leaf"": 1, ""n_estimators"": 300}"
phoneme,31,HistGradientBoosting,3242,1081,1081,0.8815911193339501,0.8571688110063257,0.17052748789400105,0.022158534370824694,7.7312051670160145,0.4660156670724973,0.006671875016763806,"{""learning_rate"": 0.1, ""max_depth"": 12, ""max_leaf_nodes"": 15, ""min_samples_leaf"": 20}"
phoneme,31,MLP,3242,1081,1081,0.8658649398704903,0.8352489213321351,0.18004252163377046,0.019494876805839494,4.3757882920326665,0.6831944999285042,0.001193000003695488,"{""alpha"": 0.001, ""hidden_layer_sizes"": [256, 128], ""learning_rate_init"": 0.001}"
phoneme,47,Logistic Regression,3242,1081,1081,0.7280296022201665,0.7067811934900543,0.3655739606424089,0.05411218608534372,0.06510016694664955,0.003730833064764738,0.000632624956779182,"{""C"": 0.01, ""class_weight"": ""balanced""}"
phoneme,47,Random Forest,3242,1081,1081,0.9000925069380203,0.8792628443782576,0.1426968009601204,0.037820225846583774,3.0460229159798473,0.2281542920973152,0.02654062502551824,"{""max_depth"": 24, ""max_features"": 0.5, ""min_samples_leaf"": 1, ""n_estimators"": 300}"
phoneme,47,Extra Trees,3242,1081,1081,0.906567992599445,0.8861270946821902,0.13337557816836262,0.037474560592044424,2.1970622920198366,0.13570774998515844,0.02756850002333522,"{""max_depth"": null, ""max_features"": 0.5, ""min_samples_leaf"": 1, ""n_estimators"": 300}"
phoneme,47,HistGradientBoosting,3242,1081,1081,0.8806660499537465,0.8584815760871221,0.17233032386063685,0.026913373512528455,8.231906333938241,0.9321563330013305,0.007226416957564652,"{""learning_rate"": 0.05, ""max_depth"": null, ""max_leaf_nodes"": 31, ""min_samples_leaf"": 10}"
phoneme,47,MLP,3242,1081,1081,0.8519888991674376,0.8176681425258275,0.20312650029249263,0.029325353016119497,6.303275375044905,0.7008998750243336,0.00124224997125566,"{""alpha"": 0.0001, ""hidden_layer_sizes"": [256, 128], ""learning_rate_init"": 0.001}"
satimage,11,Logistic Regression,3858,1286,1286,0.8561430793157077,0.8380111495942698,0.21001409022061648,0.0229112421602854,0.5467967500444502,0.07908837497234344,0.001017083995975554,"{""C"": 5.0, ""class_weight"": ""balanced""}"
satimage,11,Random Forest,3858,1286,1286,0.9191290824261276,0.9018510973246535,0.13017311214791774,0.062164333851736565,4.941313917050138,0.3370318750385195,0.02785241708625108,"{""max_depth"": null, ""max_features"": ""sqrt"", ""min_samples_leaf"": 1, ""n_estimators"": 300}"
satimage,11,Extra Trees,3858,1286,1286,0.9222395023328149,0.9044666384083037,0.12575363746327975,0.06755572835666146,3.023022957961075,0.19714945799205452,0.026882875012233853,"{""max_depth"": null, ""max_features"": ""sqrt"", ""min_samples_leaf"": 1, ""n_estimators"": 300}"
satimage,11,HistGradientBoosting,3858,1286,1286,0.921461897356143,0.9043138739848321,0.11900783940359883,0.03264664459911296,36.70370404201094,2.1836286659818143,0.02908470807597041,"{""learning_rate"": 0.1, ""max_depth"": 12, ""max_leaf_nodes"": 15, ""min_samples_leaf"": 20}"
satimage,11,MLP,3858,1286,1286,0.8934681181959565,0.8722309831666252,0.1465684185044923,0.018331343660001304,8.058896958013065,0.6910247919149697,0.0014415839686989784,"{""alpha"": 0.001, ""hidden_layer_sizes"": [128, 64], ""learning_rate_init"": 0.0003}"
satimage,17,Logistic Regression,3858,1286,1286,0.8771384136858476,0.8612592223642861,0.18523932332518434,0.03439543799025262,0.5517482910072431,0.06258191703818738,0.0010202500270679593,"{""C"": 1.0, ""class_weight"": ""balanced""}"
satimage,17,Random Forest,3858,1286,1286,0.932348367029549,0.9162784175895671,0.11342550544323485,0.06334629341627779,5.376561124925502,0.33600429201032966,0.02782600000500679,"{""max_depth"": null, ""max_features"": ""sqrt"", ""min_samples_leaf"": 1, ""n_estimators"": 300}"
satimage,17,Extra Trees,3858,1286,1286,0.9339035769828927,0.9184056211811614,0.1102437878002419,0.06426386728875072,3.0693383750040084,0.26246383297257125,0.027378041064366698,"{""max_depth"": null, ""max_features"": 0.5, ""min_samples_leaf"": 1, ""n_estimators"": 300}"
satimage,17,HistGradientBoosting,3858,1286,1286,0.9245723172628305,0.9064438682802427,0.10193453816982408,0.014094024333893299,38.178502417053096,3.1137598330387846,0.021611458039842546,"{""learning_rate"": 0.05, ""max_depth"": 12, ""max_leaf_nodes"": 31, ""min_samples_leaf"": 20}"
satimage,17,MLP,3858,1286,1286,0.9245723172628305,0.9046503396094119,0.10691960887836544,0.017876000384267593,6.915952540934086,0.6930835839593783,0.0014389170100912452,"{""alpha"": 0.0001, ""hidden_layer_sizes"": [128, 64], ""learning_rate_init"": 0.001}"
satimage,23,Logistic Regression,3858,1286,1286,0.8584758942457231,0.8343516094517834,0.2046954176754885,0.03345340821444363,0.5347046660026535,0.039680708083324134,0.0010778328869491816,"{""C"": 0.2, ""class_weight"": ""balanced""}"
satimage,23,Random Forest,3858,1286,1286,0.911353032659409,0.8885754740818812,0.13646623138494116,0.047827720984518936,4.982954708044417,0.5087395840091631,0.02761070802807808,"{""max_depth"": 12, ""max_features"": 0.5, ""min_samples_leaf"": 1, ""n_estimators"": 300}"
satimage,23,Extra Trees,3858,1286,1286,0.9230171073094868,0.905302114052958,0.12588562294798686,0.06138672887506479,2.965161250089295,0.25825208402238786,0.026866041007451713,"{""max_depth"": null, ""max_features"": 0.5, ""min_samples_leaf"": 1, ""n_estimators"": 300}"
satimage,23,HistGradientBoosting,3858,1286,1286,0.9199066874027994,0.9030017881577668,0.12080892536212105,0.028537590622552983,33.50085604202468,2.296157208038494,0.014994499972090125,"{""learning_rate"": 0.1, ""max_depth"": 12, ""max_leaf_nodes"": 31, ""min_samples_leaf"": 20}"
satimage,23,MLP,3858,1286,1286,0.9066874027993779,0.8846057462069713,0.13177268926009428,0.02723458208613995,7.368153249961324,0.7324904169654474,0.0014359999913722277,"{""alpha"": 0.0001, ""hidden_layer_sizes"": [128, 64], ""learning_rate_init"": 0.001}"
satimage,31,Logistic Regression,3858,1286,1286,0.864696734059098,0.8470462577383099,0.20680243502311738,0.021055304519074197,0.572011583019048,0.06298887496814132,0.00103004090487957,"{""C"": 1.0, ""class_weight"": ""balanced""}"
satimage,31,Random Forest,3858,1286,1286,0.9230171073094868,0.9092356339219676,0.12851836875756004,0.06108346293416278,4.880524249980226,0.3141658330569044,0.027689583017490804,"{""max_depth"": null, ""max_features"": ""sqrt"", ""min_samples_leaf"": 1, ""n_estimators"": 300}"
satimage,31,Extra Trees,3858,1286,1286,0.9237947122861586,0.910511845800592,0.1255245550371522,0.0662649040953862,2.9378154589794576,0.19715712498873472,0.027191542088985443,"{""max_depth"": null, ""max_features"": ""sqrt"", ""min_samples_leaf"": 1, ""n_estimators"": 300}"
satimage,31,HistGradientBoosting,3858,1286,1286,0.916796267496112,0.9005098033790394,0.12134642404251036,0.031869272938247734,33.9469202500768,1.912149416981265,0.022697958978824317,"{""learning_rate"": 0.1, ""max_depth"": null, ""max_leaf_nodes"": 15, ""min_samples_leaf"": 10}"
satimage,31,MLP,3858,1286,1286,0.9090202177293935,0.8966947593546427,0.133172422860788,0.015699354044985,7.848167666001245,0.6769668339984491,0.0014467498986050487,"{""alpha"": 1e-05, ""hidden_layer_sizes"": [128, 64], ""learning_rate_init"": 0.001}"
satimage,47,Logistic Regression,3858,1286,1286,0.8600311041990669,0.837136631949651,0.20429637877795395,0.01743630578909674,0.5132040830794722,0.08139595796819776,0.0010832090629264712,"{""C"": 5.0, ""class_weight"": ""balanced""}"
satimage,47,Random Forest,3858,1286,1286,0.9284603421461898,0.9126533487767278,0.12661359944703646,0.06757905650596158,4.928536458988674,0.3163266669725999,0.02762370801065117,"{""max_depth"": null, ""max_features"": ""sqrt"", ""min_samples_leaf"": 1, ""n_estimators"": 300}"
satimage,47,Extra Trees,3858,1286,1286,0.9339035769828927,0.9189231648640906,0.11941600138240885,0.06671073094867803,2.9382341250311583,0.2554791249567643,0.027877082931809127,"{""max_depth"": null, ""max_features"": 0.5, ""min_samples_leaf"": 1, ""n_estimators"": 300}"
satimage,47,HistGradientBoosting,3858,1286,1286,0.9183514774494557,0.9021889288207684,0.12098958681202919,0.020024130187417243,42.05230062501505,6.235507124918513,0.04332866601180285,"{""learning_rate"": 0.03, ""max_depth"": 12, ""max_leaf_nodes"": 31, ""min_samples_leaf"": 20}"
satimage,47,MLP,3858,1286,1286,0.9191290824261276,0.8995043781658625,0.1301668346400029,0.03610911283471159,9.838003125041723,1.1873898749472573,0.0018204579828307033,"{""alpha"": 0.0001, ""hidden_layer_sizes"": [256, 128], ""learning_rate_init"": 0.001}"
MagicTelescope,11,Logistic Regression,11412,3804,3804,0.7939011566771819,0.7767629028032486,0.3100698270033323,0.047485522892253454,0.21472570800688118,0.019203957985155284,0.0008167909691110253,"{""C"": 20.0, ""class_weight"": ""balanced""}"
MagicTelescope,11,Random Forest,11412,3804,3804,0.8817034700315457,0.866385377105769,0.1784812034775721,0.03334889393583711,10.513774874969386,0.9434955000178888,0.027610749937593937,"{""max_depth"": 24, ""max_features"": ""sqrt"", ""min_samples_leaf"": 2, ""n_estimators"": 300}"
MagicTelescope,11,Extra Trees,11412,3804,3804,0.882229232386961,0.8664379439027325,0.17806680686996143,0.03483350858745182,3.4974877079948783,0.3635651250369847,0.04026345908641815,"{""max_depth"": null, ""max_features"": 0.5, ""min_samples_leaf"": 1, ""n_estimators"": 300}"
MagicTelescope,11,HistGradientBoosting,11412,3804,3804,0.8738170347003155,0.8557577002377812,0.18344351226994357,0.01506920194179939,9.950005791033618,0.5321561670862138,0.010243291035294533,"{""learning_rate"": 0.1, ""max_depth"": null, ""max_leaf_nodes"": 15, ""min_samples_leaf"": 20}"
MagicTelescope,11,MLP,11412,3804,3804,0.8669821240799159,0.8472902448815737,0.1975747078294719,0.01123861769639882,17.273731166962534,1.0725291250273585,0.0018493329407647252,"{""alpha"": 0.001, ""hidden_layer_sizes"": [128, 64], ""learning_rate_init"": 0.0003}"
MagicTelescope,17,Logistic Regression,11412,3804,3804,0.7744479495268138,0.7555374662610856,0.32465500991552865,0.0334581053135794,0.21348999999463558,0.01931912498548627,0.0008353750454261899,"{""C"": 0.05, ""class_weight"": ""balanced""}"
MagicTelescope,17,Random Forest,11412,3804,3804,0.8861724500525763,0.8711468303839118,0.1786924472048189,0.02612727240657488,11.194697082974017,1.5807564579881728,0.028203541063703597,"{""max_depth"": 24, ""max_features"": 0.5, ""min_samples_leaf"": 1, ""n_estimators"": 300}"
MagicTelescope,17,Extra Trees,11412,3804,3804,0.8835436382754994,0.8671857950435959,0.1831632253005393,0.03517933687327197,3.722055249963887,0.33948187506757677,0.039711999939754605,"{""max_depth"": 24, ""max_features"": 0.5, ""min_samples_leaf"": 1, ""n_estimators"": 300}"
MagicTelescope,17,HistGradientBoosting,11412,3804,3804,0.8817034700315457,0.8653413194001953,0.1829107649909984,0.016678905084749836,11.700467250077054,1.6399706250522286,0.013594083953648806,"{""learning_rate"": 0.05, ""max_depth"": 12, ""max_leaf_nodes"": 31, ""min_samples_leaf"": 20}"
MagicTelescope,17,MLP,11412,3804,3804,0.8722397476340694,0.8520244797728114,0.1908561260465147,0.017841093420225544,15.074351041112095,2.159784583025612,0.0030374580528587103,"{""alpha"": 0.001, ""hidden_layer_sizes"": [256, 128], ""learning_rate_init"": 0.001}"
MagicTelescope,23,Logistic Regression,11412,3804,3804,0.7902208201892744,0.7727047280176829,0.3166716368624992,0.05072755652569979,0.22046058299019933,0.019399625016376376,0.000891875009983778,"{""C"": 0.01, ""class_weight"": ""balanced""}"
MagicTelescope,23,Random Forest,11412,3804,3804,0.8817034700315457,0.867332273520892,0.17538923355532188,0.03323431475639676,11.422665124991909,1.0264783749589697,0.027684625005349517,"{""max_depth"": null, ""max_features"": ""sqrt"", ""min_samples_leaf"": 1, ""n_estimators"": 300}"
MagicTelescope,23,Extra Trees,11412,3804,3804,0.8793375394321766,0.8634096885593892,0.1789892043463021,0.033336838415702744,4.1252813750179484,0.3660106670577079,0.04056670796126127,"{""max_depth"": null, ""max_features"": 0.5, ""min_samples_leaf"": 1, ""n_estimators"": 300}"
MagicTelescope,23,HistGradientBoosting,11412,3804,3804,0.882229232386961,0.8667101739048548,0.1775589301321851,0.020060585870908452,12.225458333967254,0.644164124969393,0.009606416104361415,"{""learning_rate"": 0.1, ""max_depth"": 12, ""max_leaf_nodes"": 15, ""min_samples_leaf"": 10}"
MagicTelescope,23,MLP,11412,3804,3804,0.8811777076761304,0.8658454413097993,0.17691992206516943,0.010050365922189462,19.90577129193116,4.644956665928476,0.002924000029452145,"{""alpha"": 0.0001, ""hidden_layer_sizes"": [256, 128], ""learning_rate_init"": 0.0003}"
MagicTelescope,31,Logistic Regression,11412,3804,3804,0.7875920084121977,0.7694901627861281,0.31681652233126606,0.05425632650358453,0.22733416699338704,0.019723542034626007,0.0009184170048683882,"{""C"": 0.01, ""class_weight"": ""balanced""}"
MagicTelescope,31,Random Forest,11412,3804,3804,0.8782860147213459,0.8624423263992889,0.1877136230868092,0.024782684893094972,12.025904000038281,0.9867794159799814,0.026980667025782168,"{""max_depth"": null, ""max_features"": ""sqrt"", ""min_samples_leaf"": 1, ""n_estimators"": 300}"
MagicTelescope,31,Extra Trees,11412,3804,3804,0.8722397476340694,0.8545078741892551,0.18993512478421884,0.027922326753600415,4.004328749957494,0.5194855409208685,0.040809875004924834,"{""max_depth"": 24, ""max_features"": 0.5, ""min_samples_leaf"": 1, ""n_estimators"": 300}"
MagicTelescope,31,HistGradientBoosting,11412,3804,3804,0.8782860147213459,0.8622193590479241,0.18496858509028502,0.012114409594104817,9.764979541068897,0.8991079999832436,0.007351374952122569,"{""learning_rate"": 0.1, ""max_depth"": null, ""max_leaf_nodes"": 31, ""min_samples_leaf"": 10}"
MagicTelescope,31,MLP,11412,3804,3804,0.8711882229232387,0.8539165011436138,0.19224767637507573,0.010657729976280091,14.368368875002488,1.4539141249842942,0.0012662499211728573,"{""alpha"": 1e-05, ""hidden_layer_sizes"": [128], ""learning_rate_init"": 0.001}"
MagicTelescope,47,Logistic Regression,11412,3804,3804,0.7847003154574133,0.7658623909575817,0.32085313832226875,0.047381223960952734,0.2079738749889657,0.018217500066384673,0.0008564580930396914,"{""C"": 0.01, ""class_weight"": ""balanced""}"
MagicTelescope,47,Random Forest,11412,3804,3804,0.8732912723449001,0.8570559415328358,0.18838116602406824,0.019551349456712244,11.985155083006248,1.8876983330119401,0.03969258407596499,"{""max_depth"": null, ""max_features"": ""sqrt"", ""min_samples_leaf"": 1, ""n_estimators"": 300}"
MagicTelescope,47,Extra Trees,11412,3804,3804,0.8682965299684543,0.8509717585897695,0.19078073373057602,0.026607080266386286,4.050266624893993,0.40777074999641627,0.03805358300451189,"{""max_depth"": null, ""max_features"": 0.5, ""min_samples_leaf"": 1, ""n_estimators"": 300}"
MagicTelescope,47,HistGradientBoosting,11412,3804,3804,0.8719768664563617,0.85484063952462,0.1885008595418346,0.006403613665335505,9.960737208020873,0.8569297089707106,0.008316042018122971,"{""learning_rate"": 0.1, ""max_depth"": 6, ""max_leaf_nodes"": 31, ""min_samples_leaf"": 20}"
MagicTelescope,47,MLP,11412,3804,3804,0.869348054679285,0.851121380628411,0.19529822892272308,0.01571182830164443,19.279249666957185,2.674755166983232,0.004154249909333885,"{""alpha"": 0.0001, ""hidden_layer_sizes"": [256, 128], ""learning_rate_init"": 0.001}"
